is_rockstar;market_return;AR_event;CAR_0_1;CAR_m1_p1;CAR_0_3;CAR_0_5;CAR_m5_p5;impact_label;impact_label_num;publisher_Activision Blizzard;publisher_EA;publisher_Electronic Arts;publisher_Nintendo;publisher_Take-Two;publisher_Ubisoft;studio_BioWare;studio_Blizzard;studio_DICE;studio_EA Sports;studio_Earnings;studio_Game Freak;studio_Infinity Ward;studio_Nintendo;studio_Nintendo EPD;studio_Respawn Entertainment;studio_Rockstar;studio_Rockstar Games;studio_Take-Two;studio_TiMi Studios;studio_Ubisoft;studio_Ubisoft Bordeaux;studio_Ubisoft Montreal;studio_Ubisoft Paris;studio_Ubisoft Singapore;studio_nan;event_type_Corporate Event;event_type_Delay;event_type_Earnings;event_type_Leak;event_type_Major Announcement;event_type_Release;event_type_Trailer/Reveal;franchise_Animal Crossing;franchise_Anthem;franchise_Apex Legends;franchise_Assassin's Creed;franchise_Battlefield;franchise_Call of Duty;franchise_Corporate;franchise_Diablo;franchise_FIFA;franchise_GTA;franchise_Ghost Recon;franchise_Pok√©mon;franchise_Portfolio;franchise_Red Dead;franchise_Skull and Bones;franchise_Star Wars;franchise_Switch;franchise_TTWO;franchise_Warcraft;franchise_Zelda;franchise_nan;sentiment_negative;sentiment_neutral;sentiment_positive
0;-0.0122583733729132;-0.0011981078633082;-0.012632944686892;0.0052784627591078;-0.0173332094094444;-0.0173332094094444;-0.0139785491582256;low;0;False;False;False;False;False;False;False;False;False;False;False;False;False;False;False;False;False;False;False;True;False;False;False;False;False;False;False;False;False;False;False;True;False;False;False;False;False;False;True;False;False;False;False;False;False;False;False;False;False;False;False;False;False;False;False;False;True
0;0.0040727005061091;-0.0003175700263026;-0.0003175700263026;0.0005263373248013;-0.0010628278304532;-0.003259390266234;-0.0023284195844124;low;0;False;False;False;False;False;False;False;False;False;False;False;False;True;False;False;False;False;False;False;False;False;False;False;False;False;False;False;False;False;False;False;True;False;False;False;False;False;False;True;False;False;False;False;False;False;False;False;False;False;False;False;False;False;False;False;False;True
0;0.010053584595046;0.003421625143788;0.0065181762587858;0.0033708232921538;-0.0206211356182241;-0.0206211356182241;-0.0247045385750476;low;0;True;False;False;False;False;False;False;True;False;False;False;False;False;False;False;False;False;False;False;False;False;False;False;False;False;False;False;False;False;False;False;False;False;False;False;False;False;False;False;False;False;False;False;False;False;False;False;False;False;False;False;True;False;False;True;False;False
0;0.0493963062815614;-0.0169373521279228;0.0017767420181585;0.0015694522806003;-0.0347951221852799;-0.0347951221852799;-0.0311893503510328;low;0;False;False;False;False;False;False;False;False;False;False;False;False;True;False;False;False;False;False;False;False;False;False;False;False;False;False;False;False;False;False;False;True;False;False;False;False;False;False;True;False;False;False;False;False;False;False;False;False;False;False;False;False;False;False;False;False;True
0;0.0151626094378556;-0.0141242017932596;-0.0238064029836604;-0.0240795851059845;-0.0045053388386038;-0.0045053388386038;0.0032372478357301;medium;1;True;False;False;False;False;False;False;False;False;False;False;False;False;False;False;False;False;False;False;False;False;False;False;False;False;True;False;False;False;False;False;False;False;False;False;False;False;False;False;False;False;False;False;False;False;False;False;False;False;False;False;False;False;False;True;False;False
0;0.0121347157844948;0.0013696626708165;0.0154886719556293;0.0043916005322548;0.0154886719556293;0.063406773705597;0.0123240955133799;low;0;True;False;False;False;False;False;False;True;False;False;False;False;False;False;False;False;False;False;False;False;False;False;False;False;False;False;False;False;False;False;False;True;False;False;False;False;False;False;False;False;True;False;False;False;False;False;False;False;False;False;False;False;False;False;False;True;False
0;-0.0183879456940073;0.0414079831541554;0.0714284180588251;0.0714284180588251;0.1107258015615064;0.1107258015615064;0.1054531634245583;high;2;True;False;False;False;False;False;False;False;False;False;False;False;False;False;False;False;False;False;False;False;False;False;False;False;False;False;False;False;False;False;True;False;False;False;False;False;False;False;False;True;False;False;False;False;False;False;False;False;False;False;False;False;False;False;False;False;True
0;0.002357910335732;-0.0169568622008067;-0.009643784477466;-0.0114309393652094;-0.0108121216685688;-0.0094287959102137;-0.0031016584385426;medium;1;True;False;False;False;False;False;False;False;False;False;True;False;False;False;False;False;False;False;False;False;False;False;False;False;False;False;False;False;True;False;False;False;False;False;False;False;False;False;False;False;False;False;False;False;False;False;False;False;False;False;False;False;False;True;False;False;False
0;0.0081097549571607;0.0026946381162838;0.0039619600335791;0.0099362065342946;0.0117730130392758;0.0194298393909983;0.0349577122349713;low;0;True;False;False;False;False;False;False;False;False;False;True;False;False;False;False;False;False;False;False;False;False;False;False;False;False;False;False;False;True;False;False;False;False;False;False;False;False;False;False;False;False;False;False;False;False;False;False;False;False;False;False;False;False;True;False;False;False
0;-0.0026259630899742;-0.0231304850141793;-0.0231304850141793;-0.029217354053615;-0.0354186838525347;-0.0439547416200339;-0.0568283762769706;medium;1;False;True;False;False;False;False;False;False;True;False;False;False;False;False;False;False;False;False;False;False;False;False;False;False;False;False;False;False;False;False;False;False;False;False;False;False;False;False;False;False;False;False;False;False;False;False;False;False;True;False;False;False;False;False;True;False;False
0;-0.0026259630899742;-0.0231304850141793;-0.0231304850141793;-0.029217354053615;-0.0354186838525347;-0.0439547416200339;-0.0568283762769706;medium;1;False;False;True;False;False;False;False;False;True;False;False;False;False;False;False;False;False;False;False;False;False;False;False;False;False;False;False;False;False;False;False;True;False;False;False;False;False;False;False;False;False;False;False;False;False;False;False;False;True;False;False;False;False;False;True;False;False
0;0.006776236617404;-0.0365755152078716;0.0053946383262431;0.0053946383262431;-0.0703693641326199;0.0892049161997398;0.1128230560495731;low;0;False;True;False;False;False;False;False;False;False;False;False;False;False;False;False;True;False;False;False;False;False;False;False;False;False;False;False;False;False;False;False;True;False;False;False;True;False;False;False;False;False;False;False;False;False;False;False;False;False;False;False;False;False;False;False;False;True
0;0.0064111023949868;-0.0153930611214108;-0.0153930611214108;-0.0308148948836894;-0.0174265926520158;0.0037355401661856;-0.0935448215568781;high;2;False;True;False;False;False;False;True;False;False;False;False;False;False;False;False;False;False;False;False;False;False;False;False;False;False;False;False;False;False;False;False;True;False;False;True;False;False;False;False;False;False;False;False;False;False;False;False;False;False;False;False;False;False;False;True;False;False
0;0.0090405563857973;0.0159339359451056;-0.0145548857310245;0.0129721322354664;-0.0274923071846647;-0.0274923071846647;0.0345141851483589;medium;1;False;True;False;False;False;False;False;False;False;True;False;False;False;False;False;False;False;False;False;False;False;False;False;False;False;False;False;False;False;False;True;False;False;False;False;False;False;False;False;False;False;True;False;False;False;False;False;False;False;False;False;False;False;False;False;False;True
0;-0.0013986655593032;-0.0352058538040304;-0.0352058538040304;-0.0442567870571064;-0.0791054351522149;-0.0799896787286638;-0.1421986131620121;high;2;False;False;True;False;False;False;False;False;True;False;False;False;False;False;False;False;False;False;False;False;False;False;False;False;False;False;False;False;False;False;False;True;False;False;False;False;False;True;False;False;False;False;False;False;False;False;False;False;False;False;False;False;False;False;True;False;False
0;-0.0150666957719832;-0.0029215747402213;-0.0029215747402213;0.006711447981544;0.011163609679538;0.0103404735627574;0.0364189532868444;low;0;False;True;False;False;False;False;False;False;False;True;False;False;False;False;False;False;False;False;False;False;False;False;False;False;False;False;False;False;False;False;False;True;False;False;False;False;False;False;False;False;False;True;False;False;False;False;False;False;False;False;False;False;False;False;False;False;True
0;-0.0045794212772585;0.0006112796285296;-0.0088269834544697;-0.0068797786650087;-0.0010500391189013;-0.0010500391189013;-0.0062904483886409;low;0;False;False;True;False;False;False;False;False;False;False;True;False;False;False;False;False;False;False;False;False;False;False;False;False;False;False;False;False;True;False;False;False;False;False;False;False;False;False;False;False;False;False;False;False;False;False;False;False;False;False;False;False;False;True;False;False;False
0;-0.0006006499345398;-0.0073261089486303;0.005811503863702;-0.0068485310925254;-0.0209326930621444;-0.0209326930621444;-0.0268927545024262;low;0;False;False;True;False;False;False;False;False;False;False;True;False;False;False;False;False;False;False;False;False;False;False;False;False;False;False;False;False;True;False;False;False;False;False;False;False;False;False;False;False;False;False;False;False;False;False;False;False;False;False;False;False;False;True;False;False;False
0;0.001343429823275;-0.0039512599396699;-0.042727328225388;-0.0439325168292635;-0.0339092221339782;-0.0339092221339782;-0.0430697044598117;high;2;False;False;True;False;False;False;False;False;False;False;True;False;False;False;False;False;False;False;False;False;False;False;False;False;False;False;False;False;True;False;False;False;False;False;False;False;False;False;False;False;False;False;False;False;False;False;False;False;False;False;False;False;False;True;False;False;False
0;0.00050387727206;-0.0054851512589808;-0.0054851512589808;0.0009690179166147;-0.0033125422428451;-0.001153751151809;0.0401238671794362;low;0;False;False;False;True;False;False;False;False;False;False;False;False;False;False;True;False;False;False;False;False;False;False;False;False;False;False;False;False;False;False;False;True;False;False;False;False;False;False;False;False;False;False;False;False;False;False;False;False;False;False;False;False;True;False;False;False;True
0;0.00050387727206;-0.0054851512589808;-0.0054851512589808;0.0009690179166147;-0.0033125422428451;-0.001153751151809;0.0401238671794362;low;0;False;False;False;True;False;False;False;False;False;False;False;False;False;True;False;False;False;False;False;False;False;False;False;False;False;False;False;False;False;False;False;True;False;False;False;False;False;False;False;False;False;False;False;False;False;False;False;False;False;True;False;False;False;False;False;False;True
0;-0.0433595123084619;0.0399843747546417;0.0399843747546417;-0.0021575854330594;0.0755048286239914;0.0620240030972967;0.1074060958803088;low;0;False;False;False;True;False;False;False;False;False;False;False;False;False;False;True;False;False;False;False;False;False;False;False;False;False;False;False;False;False;False;False;True;False;True;False;False;False;False;False;False;False;False;False;False;False;False;False;False;False;False;False;False;False;False;False;False;True
0;-0.0020218560598241;0.0055132845378467;0.0013446156899905;0.0013446156899904;-0.0196065485719217;-0.0196065485719217;0.0078359771986891;low;0;False;False;False;True;False;False;False;False;False;False;False;False;False;True;False;False;False;False;False;False;False;False;False;False;False;False;False;False;False;False;True;False;False;False;False;False;False;False;False;False;False;False;False;False;False;False;False;False;False;True;False;False;False;False;False;True;False
0;0.0047585819088147;-0.0196399461459456;-0.0196399461459456;-0.0321603314483513;-0.058430089849103;-0.0243453018603288;-0.0700263686819103;high;2;False;False;False;True;False;False;False;False;False;False;False;True;False;False;False;False;False;False;False;False;False;False;False;False;False;False;False;False;False;False;False;True;False;False;False;False;False;False;False;False;False;False;False;False;True;False;False;False;False;False;False;False;False;False;False;False;True
0;-0.0045794212772585;-0.0038028173826323;-0.0220674719343339;-0.0137063431181773;-0.0440679854169192;-0.0440679854169192;-0.0289342794623708;medium;1;False;False;False;True;False;False;False;False;False;False;True;False;False;False;False;False;False;False;False;False;False;False;False;False;False;False;False;False;True;False;False;False;False;False;False;False;False;False;False;False;False;False;False;False;False;False;False;False;False;False;False;False;False;True;False;False;False
0;-0.0015833068345566;-0.0283813913577279;-0.0283813913577279;-0.0220005134825853;-0.0123685648892206;-0.0627729822820221;-0.0700984475250568;medium;1;False;False;False;True;False;False;False;False;False;False;False;False;False;True;False;False;False;False;False;False;False;False;False;False;False;False;False;False;False;False;False;True;False;False;False;False;False;False;False;False;False;False;False;False;False;False;False;False;False;False;False;False;True;False;False;False;True
0;0.0028401189192852;0.0049544292880389;0.0160546041711139;0.0033587525042685;0.0344669345438814;0.0344669345438814;0.0645399860082015;low;0;False;False;False;True;False;False;False;False;False;False;True;False;False;False;False;False;False;False;False;False;False;False;False;False;False;False;False;False;True;False;False;False;False;False;False;False;False;False;False;False;False;False;False;False;False;False;False;False;False;False;False;False;False;True;False;False;False
0;0.001343429823275;0.0338280337417173;0.0234328812290904;0.0019166609245581;0.0213542041231104;0.0213542041231104;-0.0117819102620941;low;0;False;False;False;True;False;False;False;False;False;False;True;False;False;False;False;False;False;False;False;False;False;False;False;False;False;False;False;False;True;False;False;False;False;False;False;False;False;False;False;False;False;False;False;False;False;False;False;False;False;False;False;False;False;True;False;False;False
1;-0.0200447250836162;0.0759620056455902;0.0688035958381492;0.0774570201749987;0.0957919913066803;0.0957919913066803;0.0957674011847828;high;2;False;False;False;False;True;False;False;False;False;False;False;False;False;False;False;False;False;True;False;False;False;False;False;False;False;False;False;False;False;False;True;False;False;False;False;False;False;False;False;False;False;False;True;False;False;False;False;False;False;False;False;False;False;False;False;False;True
1;0.0161046677655145;0.0072167998973758;0.0056520091220944;0.0003016949649347;0.011005146213563;-0.0162095190187048;-0.0003577308586701;low;0;False;False;False;False;True;False;False;False;False;False;False;False;False;False;False;False;True;False;False;False;False;False;False;False;False;False;False;False;False;False;False;False;True;False;False;False;False;False;False;False;False;False;True;False;False;False;False;False;False;False;False;False;False;False;False;False;True
1;-0.0049870972826125;-0.0024115324554037;-0.0415313413289651;-0.0376773834567437;-0.0415313413289651;-0.0338952175966287;-0.0540646879614712;high;2;False;False;False;False;True;False;False;False;False;False;False;False;False;False;False;False;True;False;False;False;False;False;False;False;False;False;False;False;False;False;False;False;True;False;False;False;False;False;False;False;False;False;True;False;False;False;False;False;False;False;False;False;False;False;False;True;False
1;-0.0138520357188847;0.0089907063637053;0.0169162973482094;0.0253542075071829;0.0377978925617738;0.0607884655658478;0.0972933488408752;medium;1;False;False;False;False;True;False;False;False;False;False;False;False;False;False;False;False;True;False;False;False;False;False;False;False;False;False;False;False;False;False;False;False;True;False;False;False;False;False;False;False;False;False;True;False;False;False;False;False;False;False;False;False;False;False;False;False;True
1;-0.0025633010773032;-0.0662852125313246;-0.0261510564490791;-0.02303395350702;-0.0261510564490791;-0.0353252691601183;-0.0175312747753036;medium;1;False;False;False;False;True;False;False;False;False;False;False;False;False;False;False;False;True;False;False;False;False;False;False;False;False;False;False;True;False;False;False;False;False;False;False;False;False;False;False;False;False;False;True;False;False;False;False;False;False;False;False;False;False;False;True;False;False
1;0.0042177393276741;-0.0246809033914419;-0.0249013182044571;-0.0483489887668878;-0.0293547620967787;-0.0293547620967787;-0.0323753379083321;high;2;False;False;False;False;True;False;False;False;False;False;False;False;False;False;False;False;False;True;False;False;False;False;False;False;False;False;False;False;False;False;False;True;False;False;False;False;False;False;False;False;False;False;True;False;False;False;False;False;False;False;False;False;False;False;False;False;True
1;0.007998543475556;0.0034979777609166;-0.0062149718678436;0.0016619276209741;-0.0256817027090962;-0.0256817027090962;-0.030816059784833;low;0;False;False;False;False;True;False;False;False;False;False;False;False;False;False;False;False;False;True;False;False;False;False;False;False;False;False;False;False;False;False;False;True;False;False;False;False;False;False;False;False;False;False;True;False;False;False;False;False;False;False;False;False;False;False;False;False;True
1;-0.0002378235413311;0.0203852538602014;0.0145419437600991;-0.0241354564157745;0.08353242585793;0.08353242585793;0.0325896488413321;medium;1;False;False;False;False;True;False;False;False;False;False;False;False;False;False;False;False;False;True;False;False;False;False;False;False;False;False;False;False;False;False;True;False;False;False;False;False;False;False;False;False;False;False;True;False;False;False;False;False;False;False;False;False;False;False;False;False;True
1;0.0016297588743277;0.0056029505770564;0.0042321983025388;-0.0129838926228246;0.0021114593286732;0.0021114593286732;-0.030744063826081;medium;1;False;False;False;False;True;False;False;False;False;False;False;False;False;False;False;False;False;True;False;False;False;False;False;False;False;False;False;False;False;False;False;True;False;False;False;False;False;False;False;False;False;False;True;False;False;False;False;False;False;False;False;False;False;False;False;False;True
1;0.0061604033182458;-0.0009816119450583;-0.0228813899253495;0.0300236677341689;-0.0051929790337533;-0.0051929790337533;0.0538408547295689;high;2;False;False;False;False;True;False;False;False;False;False;False;False;False;False;False;False;False;True;False;False;False;False;False;False;False;False;False;False;False;False;False;False;True;False;False;False;False;False;False;False;False;False;False;False;False;False;True;False;False;False;False;False;False;False;False;False;True
1;-0.0013757239543792;0.017933025060069;0.0176884108915962;-0.004211367088695;0.0176884108915962;0.0354975195480527;0.0655211872822217;low;0;False;False;False;False;True;False;False;False;False;False;False;False;False;False;False;False;True;False;False;False;False;False;False;False;False;False;False;False;False;False;False;False;True;False;False;False;False;False;False;False;False;False;False;False;False;False;True;False;False;False;False;False;False;False;False;False;True
1;0.0002983634896507;0.0124076158067051;0.0194200335782857;0.0227011585965694;-0.0038260596149292;0.0026214860738927;0.0064282360409422;medium;1;False;False;False;False;True;False;False;False;False;False;False;False;False;False;False;False;True;False;False;False;False;False;False;False;False;False;False;True;False;False;False;False;False;False;False;False;False;False;False;False;False;False;False;False;False;False;True;False;False;False;False;False;False;False;True;False;False
1;-0.0012713605313821;-0.0009119865793637;-0.0071618926517149;-0.0071056155445388;0.0160982017863273;0.0100140915396865;0.0223769053150458;low;0;False;False;False;False;True;False;False;False;False;False;False;False;False;False;False;False;True;False;False;False;False;False;False;False;False;False;False;False;False;False;False;False;True;False;False;False;False;False;False;False;False;False;False;False;False;False;True;False;False;False;False;False;False;False;False;True;False
1;0.0051601311497457;0.0162108001378612;0.0688340917027368;0.0688340917027369;0.1388032803014064;0.1193739328614844;0.0866805058443231;high;2;False;False;False;False;True;False;False;False;False;False;False;False;False;False;False;False;False;True;False;False;False;False;False;False;False;False;False;True;False;False;False;False;False;False;False;False;False;False;False;False;False;False;False;False;False;False;True;False;False;False;False;False;False;False;True;False;False
1;0.0012046155961591;0.0059125726173917;0.0151679731513683;0.0379695560032266;0.0151679731513683;-0.002825836295967;-0.0312893201685269;high;2;False;False;False;False;True;False;False;False;False;False;False;False;False;False;False;False;True;False;False;False;False;False;False;False;False;False;False;False;False;False;False;False;True;False;False;False;False;False;False;False;False;False;False;False;False;False;True;False;False;False;False;False;False;False;False;False;True
1;-0.0014416744645237;0.0028090214213166;0.0376995011797715;0.0598203539312971;0.0376995011797715;0.0366622332273598;0.0421150047479344;high;2;False;False;False;False;True;False;False;False;False;False;False;False;False;False;False;False;True;False;False;False;False;False;False;False;False;False;False;False;False;False;False;False;True;False;False;False;False;False;False;False;False;False;False;False;False;False;True;False;False;False;False;False;False;False;False;False;True
1;-0.0173272640399783;0.0104280133410107;0.0104280133410107;0.0800678043440273;-0.0534214611344888;0.0697741032377475;0.0800341597964371;high;2;False;False;False;False;True;False;False;False;False;False;False;False;False;False;False;False;False;True;False;False;False;False;False;False;False;False;False;False;False;False;False;True;False;False;False;False;False;False;False;False;False;False;False;False;False;False;True;False;False;False;False;False;False;False;False;False;True
1;0.0015002511791302;0.014525542839824;0.0034619084242844;-0.0123654324638195;0.0034619084242844;-0.004716047465225;0.0073119104685097;medium;1;False;False;False;False;True;False;False;False;False;False;False;False;False;False;False;False;False;True;False;False;False;False;False;False;False;False;False;False;False;False;False;True;False;False;False;False;False;False;False;False;False;False;False;False;False;False;True;False;False;False;False;False;False;False;False;False;True
0;-0.0002877151874185;0.0383180915641334;0.0383180915641334;0.0497876357515646;-0.0599811905417861;-0.0556957280823057;-0.0386594765468103;high;2;False;False;False;False;True;False;False;False;False;False;False;False;False;False;False;False;False;False;False;False;False;False;False;False;False;True;True;False;False;False;False;False;False;False;False;False;False;False;False;False;False;False;False;False;False;False;False;False;False;False;True;False;False;False;True;False;False
0;0.0073993483603735;0.0206974570296729;-0.0398787820890285;-0.0398787820890284;-0.0581665890355855;-0.049237747097712;-0.0631390488974312;high;2;False;False;False;False;True;False;False;False;False;False;False;False;False;False;False;False;False;False;True;False;False;False;False;False;False;False;False;False;True;False;False;False;False;False;False;False;False;False;False;False;False;False;False;False;False;True;False;False;False;False;False;False;False;False;False;False;True
0;-0.0014410312534549;-0.1304803528286943;-0.1016562104295231;-0.1016562104295231;-0.048421344563482;-0.0642696848913866;-0.140421763488296;high;2;False;False;False;False;True;False;False;False;False;False;False;False;False;False;False;False;False;False;False;False;False;False;False;False;False;True;True;False;False;False;False;False;False;False;False;False;False;False;False;False;False;False;False;False;False;False;False;False;False;False;True;False;False;False;True;False;False
1;0.0051569298644233;0.0680976840098431;0.0680976840098431;0.0781642242594172;0.0716003441084209;0.0332307876839129;0.0486345951870365;high;2;False;False;False;False;True;False;False;False;False;False;False;False;False;False;False;False;False;True;False;False;False;False;False;False;False;False;False;False;False;False;True;False;False;False;False;False;False;False;False;False;False;False;True;False;False;False;False;False;False;False;False;False;False;False;False;True;False
1;0.0214085741708709;-0.0131820028442446;0.0066090021877046;-0.062997069014063;0.0002426546282161;0.0002426546282161;-0.0847620413006695;high;2;False;False;False;False;True;False;False;False;False;False;False;False;False;False;False;False;False;True;False;False;False;False;False;False;False;False;False;False;False;False;False;True;False;False;False;False;False;False;False;False;False;False;True;False;False;False;False;False;False;False;False;False;False;False;False;False;True
1;0.0122565474275304;0.0011676271906485;-0.009295414923935;-0.0036080939154159;-0.0258519668356961;-0.0258519668356961;-0.0055487269849153;low;0;False;False;False;False;True;False;False;False;False;False;False;False;False;False;False;False;False;True;False;False;False;False;False;False;False;False;False;False;False;False;True;False;False;False;False;False;False;False;False;False;False;False;True;False;False;False;False;False;False;False;False;False;False;False;False;True;False
1;-0.0071821340894484;-0.026813475118088;-0.026813475118088;-0.0146214786787699;-0.0266343071675484;-0.059142455353851;-0.0178027986901165;medium;1;False;False;False;False;True;False;False;False;False;False;False;False;False;False;False;False;True;False;False;False;False;False;False;False;False;False;False;False;False;True;False;False;False;False;False;False;False;False;False;False;False;False;True;False;False;False;False;False;False;False;False;False;False;False;True;False;False
0;-0.0061404630177543;-0.0288189609023784;0.0370767209600135;0.0370767209600135;0.0287170001345518;0.0280929891035352;-0.021515096640845;high;2;False;False;False;False;True;False;False;False;False;False;False;False;False;False;False;False;False;False;False;False;False;False;False;False;False;True;False;False;True;False;False;False;False;False;False;False;False;False;False;False;False;False;False;False;False;False;False;False;False;False;True;False;False;False;False;False;True
1;0.0118908290587882;-0.003896341910192;0.1035467649093732;0.1008362388867439;0.0886029115548626;0.086601553209909;0.0775219189879688;high;2;False;False;False;False;True;False;False;False;False;False;True;False;False;False;False;False;False;False;False;False;False;False;False;False;False;False;False;False;True;False;False;False;False;False;False;False;False;False;False;False;False;False;False;False;False;False;False;False;False;False;False;False;False;True;False;False;False
1;-0.0005688697261614;-0.0050891017224313;0.0016066053357501;0.0043671472635292;-0.023388155507788;-0.023388155507788;-0.0254882158136055;low;0;False;False;False;False;True;False;False;False;False;False;False;False;False;False;False;False;False;True;False;False;False;False;False;False;False;False;False;False;False;False;False;False;True;False;False;False;False;False;False;False;False;False;True;False;False;False;False;False;False;False;False;False;False;False;False;False;True
1;0.0005705832608251;-0.000905090145439;-0.0934607796187206;-0.0843487393407138;-0.0934607796187206;-0.0899564138089038;-0.0827992896400102;high;2;False;False;False;False;True;False;False;False;False;False;True;False;False;False;False;False;False;False;False;False;False;False;False;False;False;False;False;False;True;False;False;False;False;False;False;False;False;False;False;False;False;False;False;False;False;False;False;False;False;False;False;False;False;True;False;False;False
0;-0.0020816677921287;-0.0120968114306425;-0.0016888123495863;0.0082829081682616;-0.0016888123495863;0.0181522402253608;0.0165004563451006;low;0;False;False;False;False;True;False;False;False;False;False;False;False;False;False;False;False;False;False;False;False;False;False;False;False;False;True;False;False;True;False;False;False;False;False;False;False;False;False;False;False;False;False;False;False;False;False;False;False;False;False;True;False;False;False;False;False;True
1;-0.0020816677921287;-0.0120968114306425;-0.0016888123495863;0.0082829081682616;-0.0016888123495863;0.0181522402253608;0.0165004563451006;low;0;False;False;False;False;True;False;False;False;False;False;False;False;False;False;False;False;True;False;False;False;False;False;False;False;False;False;False;False;False;False;False;False;True;False;False;False;False;False;False;False;False;False;True;False;False;False;False;False;False;False;False;False;False;False;False;False;True
1;0.0147265741296347;-0.0810121272624043;-0.0810121272624043;-0.0795462496278426;-0.0490487305684224;-0.0417835495720183;-0.0144537329166704;high;2;False;False;False;False;True;False;False;False;False;False;False;False;False;False;False;False;False;True;False;False;False;False;False;False;False;False;False;True;False;False;False;False;False;False;False;False;False;False;False;False;False;False;True;False;False;False;False;False;False;False;False;False;False;False;True;False;False
1;-0.0076932396518555;0.0356172267631375;0.007265180996404;0.039228577690386;0.0023404522147614;0.0023404522147614;-0.0452424007190992;high;2;False;False;False;False;True;False;False;False;False;False;False;False;False;False;False;False;False;True;False;False;False;False;False;False;False;False;False;False;False;False;False;False;True;False;False;False;False;False;False;False;False;False;True;False;False;False;False;False;False;False;False;False;False;False;False;False;True
1;-0.011178189042419;0.0006906304262554;-0.0818647735036978;-0.0766124874306622;-0.0818647735036978;-0.0621252194868726;-0.0639600937088108;high;2;False;False;False;False;True;False;False;False;False;False;False;False;False;False;False;False;False;True;False;False;False;False;False;False;False;False;False;True;False;False;False;False;False;False;False;False;False;False;False;False;False;False;True;False;False;False;False;False;False;False;False;False;False;False;True;False;False
0;0.0142168975854601;0.0033331289970328;0.0033331289970328;0.006068255647586;-0.0111548342426687;0.003475642809599;0.0310347318686747;low;0;False;False;False;False;False;True;False;False;False;False;False;False;False;False;False;False;False;False;False;False;False;False;False;True;False;False;False;False;False;False;False;True;False;False;False;False;False;False;False;False;False;False;False;True;False;False;False;False;False;False;False;False;False;False;True;False;False
0;0.0019204463587332;-0.0143994374082381;-0.0468591684389204;-0.0516485978066839;-0.0468591684389204;-0.0339263135668556;-0.0451495352274862;high;2;False;False;False;False;False;True;False;False;False;False;False;False;False;False;False;False;False;False;False;False;True;False;False;False;False;False;False;False;False;False;True;False;False;False;False;False;False;False;False;False;False;False;False;False;False;True;False;False;False;False;False;False;False;False;True;False;False
0;0.0104662012732443;-0.0174647023005995;-0.0174647023005995;-0.0213397961895373;-0.0220690879397622;-0.0349375063609228;-0.01256060850989;medium;1;False;False;False;False;False;True;False;False;False;False;False;False;False;False;False;False;False;False;False;False;False;False;False;False;True;False;False;True;False;False;False;False;False;False;False;False;False;False;False;False;False;False;False;False;False;False;False;True;False;False;False;False;False;False;True;False;False
0;-0.001399794593191;-0.0278819662166012;-0.0504082224228224;-0.1198268221239227;-0.0181671610901827;-0.0181671610901827;-0.0667606874139605;high;2;False;False;False;False;False;True;False;False;False;False;False;False;False;False;False;False;False;False;False;False;False;False;True;False;False;False;False;False;False;False;False;True;False;False;False;False;True;False;False;False;False;False;False;False;False;False;False;False;False;False;False;False;False;False;False;False;True
0;0.0152714498163328;-0.0001068742134078;-0.0001068742134078;0.0033864186761683;0.0065871261119828;0.0742176526607189;0.0661239152692281;low;0;False;False;False;False;False;True;False;False;False;False;False;False;False;False;False;False;False;False;False;False;False;True;False;False;False;False;False;False;False;False;False;False;True;False;False;False;True;False;False;False;False;False;False;False;False;False;False;False;False;False;False;False;False;False;False;False;True
0;0.0196721399262347;-0.0095188768761511;-0.0088020400457471;0.0010160599082433;-0.0095757323519991;-0.0433890918743079;-0.0575664110026166;low;0;False;False;False;False;False;True;False;False;False;False;False;False;False;False;False;False;False;False;False;False;False;False;False;False;True;False;False;True;False;False;False;False;False;False;False;False;False;False;False;False;False;False;False;False;False;False;False;True;False;False;False;False;False;False;True;False;False
0;-0.006377683373153;0.0028610549964533;0.0165000589958992;0.0180958418569758;0.0017666988610723;0.0017666988610723;0.0211693225619429;medium;1;False;False;False;False;False;True;False;False;False;False;True;False;False;False;False;False;False;False;False;False;False;False;False;False;False;False;False;False;True;False;False;False;False;False;False;False;False;False;False;False;False;False;False;False;False;False;False;False;False;False;False;False;False;True;False;False;False
0;-0.0013040301597772;0.0171978839379078;0.0171096736851355;0.0156098935397767;0.0171096736851355;0.016875519691725;0.0072489554754126;medium;1;False;False;False;False;False;True;False;False;False;False;False;False;False;False;False;False;False;False;False;False;False;False;True;False;False;False;False;False;False;False;False;True;False;False;False;False;True;False;False;False;False;False;False;False;False;False;False;False;False;False;False;False;False;False;False;False;True
0;0.0028401189192852;0.0260154374253682;0.0597177818430417;0.0472243854599307;0.0585861750671791;0.0585861750671791;0.0578864488589673;high;2;False;False;False;False;False;True;False;False;False;False;True;False;False;False;False;False;False;False;False;False;False;False;False;False;False;False;False;False;True;False;False;False;False;False;False;False;False;False;False;False;False;False;False;False;False;False;False;False;False;False;False;False;False;True;False;False;False
0;-0.0020816677921287;0.0211931629308755;0.0172614376854496;0.0036062119159926;0.0172614376854496;-2.4643554613100645e-05;0.0508917402085197;low;0;False;False;False;False;False;True;False;False;False;False;True;False;False;False;False;False;False;False;False;False;False;False;False;False;False;False;False;False;True;False;False;False;False;False;False;False;False;False;False;False;False;False;False;False;False;False;False;False;False;False;False;False;False;True;False;False;False
